<?xml version="1.0" encoding="UTF-8"?>
<project-private xmlns="http://www.netbeans.org/ns/project-private/1">
    <editor-bookmarks xmlns="http://www.netbeans.org/ns/editor-bookmarks/2" lastBookmarkId="0"/>
    <open-files xmlns="http://www.netbeans.org/ns/projectui-open-files/2">
        <group>
            <file>file:/C:/Users/Aluno/Documents/Aula%20de%20Java%201/Aula%20Java%201/src/Telas/TelaPrincipal.java</file>
            <file>file:/C:/Users/Aluno/Documents/Aula%20de%20Java%201/Aula%20Java%201/src/aula/java/pkg1/AulaJava1.java</file>
        </group>
    </open-files>
</project-private>
